ints	client	[[int(-9223372036854775808), int(9223372036854775807), int(0), int(0), int(1), int(-1), int(4294967296)]]
u64	client	[[int(18446744073709551615)]]
beyond_u64	client	[[int(18446744073709551616), int(-9223372036854775809)]]
floats	client	[[float(0.1), float(-0.0 neg), float(1.5), float(123456789.12345679), float(100000.0), float(1e-07), float(25000000000.0), float(1.0), float(1.7976931348623157e+308), float(5e-324), float(2.2250738585072014e-308), float(9007199254740992.0), float(0.30000000000000004)]]
float_overflow	client	ERROR ValueError
quoted_special	client	[[str('NaN'), str('Infinity'), str('-Infinity'), NoneType(None), bool(True), bool(False)]]
bare_nan	client	ERROR ValueError
bare_infinity	client	ERROR ValueError
non_ascii	client	[[str('São Paulo'), str('Pará'), str('日本'), str('😀'), str('ã'), str('😀'), str('tab\tq"b\\'), str('/')]]
lone_surrogate	client	[[str('\ud800')]]
invalid_utf8	client	ERROR UnicodeDecodeError
nested	client	[[int(1), [float(0.5), float(0.9)], {'a': [int(1), {'b': NoneType(None)}]}], {'timestamp': str('x'), 'result': {'v': int(1)}}]
empty	client	[]
ints	ijson_python	[[int(-9223372036854775808), int(9223372036854775807), int(0), int(0), int(1), int(-1), int(4294967296)]]
u64	ijson_python	[[int(18446744073709551615)]]
beyond_u64	ijson_python	[[int(18446744073709551616), int(-9223372036854775809)]]
floats	ijson_python	[[float(0.1), float(-0.0 neg), float(1.5), float(123456789.12345679), float(100000.0), float(1e-07), float(25000000000.0), float(1.0), float(1.7976931348623157e+308), float(5e-324), float(2.2250738585072014e-308), float(9007199254740992.0), float(0.30000000000000004)]]
float_overflow	ijson_python	ERROR UnexpectedSymbol
quoted_special	ijson_python	[[str('NaN'), str('Infinity'), str('-Infinity'), NoneType(None), bool(True), bool(False)]]
bare_nan	ijson_python	ERROR UnexpectedSymbol
bare_infinity	ijson_python	ERROR UnexpectedSymbol
non_ascii	ijson_python	[[str('São Paulo'), str('Pará'), str('日本'), str('😀'), str('ã'), str('😀'), str('tab\tq"b\\'), str('/')]]
lone_surrogate	ijson_python	[[str('\ud800')]]
invalid_utf8	ijson_python	ERROR IncompleteJSONError
nested	ijson_python	[[int(1), [float(0.5), float(0.9)], {'a': [int(1), {'b': NoneType(None)}]}], {'timestamp': str('x'), 'result': {'v': int(1)}}]
empty	ijson_python	[]
ints	json	[[int(-9223372036854775808), int(9223372036854775807), int(0), int(0), int(1), int(-1), int(4294967296)]]
u64	json	[[int(18446744073709551615)]]
beyond_u64	json	[[int(18446744073709551616), int(-9223372036854775809)]]
floats	json	[[float(0.1), float(-0.0 neg), float(1.5), float(123456789.12345679), float(100000.0), float(1e-07), float(25000000000.0), float(1.0), float(1.7976931348623157e+308), float(5e-324), float(2.2250738585072014e-308), float(9007199254740992.0), float(0.30000000000000004)]]
float_overflow	json	[[float(inf)]]
quoted_special	json	[[str('NaN'), str('Infinity'), str('-Infinity'), NoneType(None), bool(True), bool(False)]]
bare_nan	json	[[float(nan)]]
bare_infinity	json	[[float(inf), float(-inf neg)]]
non_ascii	json	[[str('São Paulo'), str('Pará'), str('日本'), str('😀'), str('ã'), str('😀'), str('tab\tq"b\\'), str('/')]]
lone_surrogate	json	[[str('\ud800')]]
invalid_utf8	json	ERROR UnicodeDecodeError
nested	json	[[int(1), [float(0.5), float(0.9)], {'a': [int(1), {'b': NoneType(None)}]}], {'timestamp': str('x'), 'result': {'v': int(1)}}]
empty	json	[]
ints	orjson	[[int(-9223372036854775808), int(9223372036854775807), int(0), int(0), int(1), int(-1), int(4294967296)]]
u64	orjson	[[int(18446744073709551615)]]
beyond_u64	orjson	[[float(1.8446744073709552e+19), float(-9.223372036854776e+18 neg)]]
floats	orjson	[[float(0.1), float(-0.0 neg), float(1.5), float(123456789.12345679), float(100000.0), float(1e-07), float(25000000000.0), float(1.0), float(1.7976931348623157e+308), float(5e-324), float(2.2250738585072014e-308), float(9007199254740992.0), float(0.30000000000000004)]]
float_overflow	orjson	ERROR JSONDecodeError
quoted_special	orjson	[[str('NaN'), str('Infinity'), str('-Infinity'), NoneType(None), bool(True), bool(False)]]
bare_nan	orjson	ERROR JSONDecodeError
bare_infinity	orjson	ERROR JSONDecodeError
non_ascii	orjson	[[str('São Paulo'), str('Pará'), str('日本'), str('😀'), str('ã'), str('😀'), str('tab\tq"b\\'), str('/')]]
lone_surrogate	orjson	ERROR JSONDecodeError
invalid_utf8	orjson	ERROR JSONDecodeError
nested	orjson	[[int(1), [float(0.5), float(0.9)], {'a': [int(1), {'b': NoneType(None)}]}], {'timestamp': str('x'), 'result': {'v': int(1)}}]
empty	orjson	[]
ints	msgspec	[[int(-9223372036854775808), int(9223372036854775807), int(0), int(0), int(1), int(-1), int(4294967296)]]
u64	msgspec	[[int(18446744073709551615)]]
beyond_u64	msgspec	[[int(18446744073709551616), int(-9223372036854775809)]]
floats	msgspec	[[float(0.1), float(-0.0 neg), float(1.5), float(123456789.12345679), float(100000.0), float(1e-07), float(25000000000.0), float(1.0), float(1.7976931348623157e+308), float(5e-324), float(2.2250738585072014e-308), float(9007199254740992.0), float(0.30000000000000004)]]
float_overflow	msgspec	ERROR ValidationError
quoted_special	msgspec	[[str('NaN'), str('Infinity'), str('-Infinity'), NoneType(None), bool(True), bool(False)]]
bare_nan	msgspec	ERROR DecodeError
bare_infinity	msgspec	ERROR DecodeError
non_ascii	msgspec	[[str('São Paulo'), str('Pará'), str('日本'), str('😀'), str('ã'), str('😀'), str('tab\tq"b\\'), str('/')]]
lone_surrogate	msgspec	ERROR DecodeError
invalid_utf8	msgspec	ERROR UnicodeDecodeError
nested	msgspec	[[int(1), [float(0.5), float(0.9)], {'a': [int(1), {'b': NoneType(None)}]}], {'timestamp': str('x'), 'result': {'v': int(1)}}]
empty	msgspec	[]
