db.druid	OK
db.druid.clean_old_datasources	OK
db.druid.config	OK
db.druid.datasource	OK
db.druid.errors	OK
db.druid.metadata	OK
db.druid.post_aggregation_builder	OK
db.druid.query_builder	OK
db.druid.query_client	OK
db.druid.update_db_datasource	OK
db.druid.util	OK
db.druid.aggregations	OK
db.druid.aggregations.exact_unique_count_aggregation	OK
db.druid.aggregations.query_dependent_aggregation	OK
db.druid.aggregations.query_modifying_aggregation	OK
db.druid.aggregations.time_interval_aggregation	OK
db.druid.calculations	OK
db.druid.calculations.base_calculation	OK
db.druid.calculations.calculation_merger	OK
db.druid.calculations.complex_calculation	OK
db.druid.calculations.count_calculation	OK
db.druid.calculations.simple_calculation	OK
db.druid.calculations.unique_calculations	OK
db.druid.indexing	OK
db.druid.indexing.common	OK
db.druid.indexing.minio_task_builder	OK
db.druid.indexing.task_runner_util	OK
db.druid.indexing.scripts	OK
db.druid.indexing.scripts.fetch_status	OK
db.druid.indexing.scripts.run_compaction	OK
db.druid.indexing.scripts.run_native_indexing	OK
db.druid.js_formulas	OK
db.druid.js_formulas.base_formula	OK
db.druid.js_formulas.week_extraction	OK
db.druid.post_aggregations	OK
db.druid.post_aggregations.theta_sketch	OK
db.druid.query_builder_util	OK
db.druid.query_builder_util.optimization	OK
db.druid.query_builder_util.optimization.basic_optimizations	OK
db.druid.query_builder_util.optimization.filter_optimizations	OK
db.druid.query_builder_util.optimization.sketch_optimizations	OK
