/	index.homepage	GET
/<locale>/admin	index.admin	GET
/<locale>/advanced-query	index.advanced_query	GET
/<locale>/alerts	index.alerts	GET
/<locale>/dashboard/<name>	dashboard.grid_dashboard	GET
/<locale>/dashboard/<name>/<session_hash>/jpeg	render_page.grid_dashboard_to_image_w_hash	GET
/<locale>/dashboard/<name>/<session_hash>/pdf	render_page.grid_dashboard_to_pdf_with_hash	GET
/<locale>/dashboard/<name>/jpeg	render_page.grid_dashboard_to_image	GET
/<locale>/dashboard/<name>/pdf	render_page.grid_dashboard_to_pdf	GET
/<locale>/dashboard/<name>/png/thumbnail	render_page.grid_dashboard_to_thumbnail	GET
/<locale>/data-catalog	data_catalog.data_catalog	GET
/<locale>/data-catalog/field/<field_id_path>	data_catalog.data_catalog_field	GET
/<locale>/data-digest	index.data_digest	GET
/<locale>/data-quality	index.data_quality	GET
/<locale>/data-status	index.data_status	GET
/<locale>/data-upload	index.data_upload	GET
/<locale>/embed/<int:width>x<int:height>/<query_uuid>	embed.embedded_user_query	GET
/<locale>/embed/<int:width>x<int:height>/dashboard/<name>/<item_id>	embed.embedded_dashboard_query	GET
/<locale>/indicator-setup	index.indicator_setup	GET
/<locale>/login	auth.login	GET
/<locale>/overview	index.overview	GET
/<locale>/query	index.query	GET
/<locale>/unauthorized	auth.unauthorized	GET
/<locale>/user/forgot-password	auth.forgot_password	GET
/<locale>/user/reset-password	auth.reset_password	GET
/<locale>/zen/register	auth.register	GET
/<path:filename>	static	GET
/admin	index.admin	GET
/advanced-query	index.advanced_query	GET
/alerts	index.alerts	GET
/api/authorization	api.api_authorization	POST
/api/authorization_multi	api.api_authorization_multi	POST
/api/dimension/<dimension_name>/<dimension_value>	api.dimension_info	GET
/api/download_data_catalog_changes	api.download_data_catalog_changes	GET
/api/export_data_catalog_metadata	api.export_data_catalog_metadata	GET
/api/export_self_serve	api.export_self_serve	GET
/api/field/<field_ids>	api.api_field_ids	GET
/api/field_names	api.export_self_serve_field_names	GET
/api/graphql	api.proxy_graphql_hasura	GET,POST
/api/hasura/health	api.proxy_hasura_health	GET,POST
/api/health	api.api_health	GET
/api/import_data_catalog_fields_csv	api.import_data_catalog_fields_csv	POST
/api/import_self_serve	api.import_self_serve	POST
/api/timeout	api.timeout_session	POST
/api/validate_self_serve_upload	api.validate_self_serve_upload	POST
/api2/alert_definitions	alert_definitions_create	POST
/api2/alert_definitions	alert_definitions_instances	GET
/api2/alert_definitions/<int:id>	alert_definitions_destroy	DELETE
/api2/alert_definitions/<int:id>	alert_definitions_self	GET
/api2/alert_definitions/<int:id>	alert_definitions_update	PATCH
/api2/alert_definitions/latest_notifications	alert_definitions_readLatestAssociatedNotifications	GET
/api2/alert_definitions/schema	alert_definitions_describedBy	GET
/api2/alert_definitions/transfer/username	alert_definitions_createTransferBulkOwnershipByUsername	POST
/api2/alert_notifications	alert_notifications_create	POST
/api2/alert_notifications	alert_notifications_instances	GET
/api2/alert_notifications/<int:id>	alert_notifications_destroy	DELETE
/api2/alert_notifications/<int:id>	alert_notifications_self	GET
/api2/alert_notifications/<int:id>	alert_notifications_update	PATCH
/api2/alert_notifications/bulk	alert_notifications_createInstances	POST
/api2/alert_notifications/bulk	alert_notifications_editInstances	PATCH
/api2/alert_notifications/schema	alert_notifications_describedBy	GET
/api2/api-token	api-token_create	POST
/api2/api-token	api-token_instances	GET
/api2/api-token/<int:id>	api-token_destroy	DELETE
/api2/api-token/<int:id>	api-token_self	GET
/api2/api-token/<int:id>	api-token_update	PATCH
/api2/api-token/schema	api-token_describedBy	GET
/api2/authentication/forgot_password	authentication_createForgotPassword	POST
/api2/authentication/login	authentication_login	POST
/api2/authentication/register	authentication_register	POST
/api2/authentication/registration_data	authentication_readRegistrationData	GET
/api2/authentication/reset_password	authentication_createResetPassword	POST
/api2/authentication/schema	authentication_describedBy	GET
/api2/authentication/user_manager_info	authentication_get_user_manager_info	GET
/api2/configuration	configuration_create	POST
/api2/configuration	configuration_instances	GET
/api2/configuration/<string:id>	configuration_destroy	DELETE
/api2/configuration/<string:id>	configuration_self	GET
/api2/configuration/<string:id>	configuration_update	PATCH
/api2/configuration/<string:id>/reset	configuration_reset	POST
/api2/configuration/<string:id>/set	configuration_set	POST
/api2/configuration/schema	configuration_describedBy	GET
/api2/dashboard	dashboard_create	POST
/api2/dashboard	dashboard_instances	GET
/api2/dashboard/<int:id>	dashboard_destroy	DELETE
/api2/dashboard/<int:id>	dashboard_self	GET
/api2/dashboard/<int:id>	dashboard_update	PATCH
/api2/dashboard/<int:id>/add_item	dashboard_createAddItem	POST
/api2/dashboard/<int:id>/author	dashboard_author	GET
/api2/dashboard/<int:id>/cannot_view	dashboard_createGetNoAccessRecipients	POST
/api2/dashboard/<int:id>/favorite	dashboard_createSetFavorite	POST
/api2/dashboard/<int:id>/official	dashboard_createSetOfficial	POST
/api2/dashboard/<int:id>/resource	dashboard_resource	GET
/api2/dashboard/<int:id>/set_tile_data_permissions	dashboard_createSetTileDataPermissions	POST
/api2/dashboard/<int:id>/share_via_email	dashboard_createShareViaEmail	POST
/api2/dashboard/<int:id>/transfer	dashboard_createTransferOwnership	POST
/api2/dashboard/<int:id>/transfer/username	dashboard_createTransferOwnershipByUsername	POST
/api2/dashboard/bulk_delete	dashboard_createBulkDelete	POST
/api2/dashboard/dashboard_spec	dashboard_readGetDashboardSpec	GET
/api2/dashboard/dashboard_specs	dashboard_readGetDashboardSpecs	GET
/api2/dashboard/delete_all	dashboard_createDeleteAll	POST
/api2/dashboard/downgrade	dashboard_createDowngradeDashboard	POST
/api2/dashboard/downgrade	dashboard_readGetDowngradedDashboard	GET
/api2/dashboard/downgrade_all	dashboard_createDowngradeAllDashboards	POST
/api2/dashboard/downgrade_all	dashboard_readGetDowngradedAllDashboards	GET
/api2/dashboard/editable	dashboard_readGetEditableInstances	GET
/api2/dashboard/raw_dashboard_spec	dashboard_readGetRawDashboardSpec	GET
/api2/dashboard/raw_dashboard_specs	dashboard_readGetRawDashboardSpecs	GET
/api2/dashboard/schema	dashboard_describedBy	GET
/api2/dashboard/transfer	dashboard_createTransferBulkOwnership	POST
/api2/dashboard/transfer/username	dashboard_createTransferBulkOwnershipByUsername	POST
/api2/dashboard/upgrade	dashboard_createUpgradeDashboard	POST
/api2/dashboard/upgrade_all	dashboard_createUpgradeAll	POST
/api2/dashboard/upgrade_spec	dashboard_upgrade	POST
/api2/dashboard/viewable	dashboard_readGetViewableDashboards	GET
/api2/dashboard_session	dashboard_session_create	POST
/api2/dashboard_session	dashboard_session_instances	GET
/api2/dashboard_session/<string:id>	dashboard_session_destroy	DELETE
/api2/dashboard_session/<string:id>	dashboard_session_self	GET
/api2/dashboard_session/<string:id>	dashboard_session_update	PATCH
/api2/dashboard_session/generate_link	dashboard_session_generateLink	POST
/api2/dashboard_session/schema	dashboard_session_describedBy	GET
/api2/data_digest/object	data_digest_createGetDataDigestObject	POST
/api2/data_digest/schema	data_digest_describedBy	GET
/api2/data_digest/tree	data_digest_readGetDataDigestTree	GET
/api2/data_upload_file_summary	data_upload_file_summary_create	POST
/api2/data_upload_file_summary	data_upload_file_summary_instances	GET
/api2/data_upload_file_summary/<int:id>	data_upload_file_summary_destroy	DELETE
/api2/data_upload_file_summary/<int:id>	data_upload_file_summary_self	GET
/api2/data_upload_file_summary/<int:id>	data_upload_file_summary_update	PATCH
/api2/data_upload_file_summary/clean_files	data_upload_file_summary_createCleanFiles	POST
/api2/data_upload_file_summary/delete_source	data_upload_file_summary_createDeleteSource	POST
/api2/data_upload_file_summary/download/<string:key>	data_upload_file_summary_readDownload	GET
/api2/data_upload_file_summary/get_preview	data_upload_file_summary_readGetPreview	GET
/api2/data_upload_file_summary/get_sources_date_ranges	data_upload_file_summary_readGetDateRanges	GET
/api2/data_upload_file_summary/schema	data_upload_file_summary_describedBy	GET
/api2/data_upload_file_summary/setup_new_dataprep	data_upload_file_summary_createSetupNewDataprep	POST
/api2/data_upload_file_summary/update_all_dataprep_jobs	data_upload_file_summary_createUpdateAllDataprepJobs	POST
/api2/data_upload_file_summary/update_csv_source	data_upload_file_summary_createUpdateCsvSource	POST
/api2/data_upload_file_summary/upload_and_start_dataprep_job	data_upload_file_summary_createUploadAndStartDataprepJob	POST
/api2/data_upload_file_summary/upload_file/<source_id>	data_upload_file_summary_createUploadFile	POST
/api2/data_upload_file_summary/validate_dataprep_input/<source_id>	data_upload_file_summary_createValidateDataprepInput	POST
/api2/group	group_create	POST
/api2/group	group_instances	GET
/api2/group/<int:id>	group_destroy	DELETE
/api2/group/<int:id>	group_self	GET
/api2/group/<int:id>	group_update	PATCH
/api2/group/<int:id>/roles	group_addRole	POST
/api2/group/<int:id>/roles	group_deleteRole	DELETE
/api2/group/<int:id>/roles	group_updateRoles	PATCH
/api2/group/<int:id>/users	group_addUser	POST
/api2/group/<int:id>/users	group_deleteUser	DELETE
/api2/group/<int:id>/users	group_updateUsers	PATCH
/api2/group/<int:id>/users	group_users	GET
/api2/group/schema	group_describedBy	GET
/api2/group_acl	group_acl_create	POST
/api2/group_acl	group_acl_instances	GET
/api2/group_acl/<int:id>	group_acl_destroy	DELETE
/api2/group_acl/<int:id>	group_acl_self	GET
/api2/group_acl/<int:id>	group_acl_update	PATCH
/api2/group_acl/schema	group_acl_describedBy	GET
/api2/metadata/data_sources	metadata_readGetDataSources	GET
/api2/metadata/schema	metadata_describedBy	GET
/api2/metadata/server_version	metadata_readGetServerApiVer	GET
/api2/pipeline_run_metadata	pipeline_run_metadata_create	POST
/api2/pipeline_run_metadata	pipeline_run_metadata_instances	GET
/api2/pipeline_run_metadata/<int:id>	pipeline_run_metadata_destroy	DELETE
/api2/pipeline_run_metadata/<int:id>	pipeline_run_metadata_self	GET
/api2/pipeline_run_metadata/<int:id>	pipeline_run_metadata_update	PATCH
/api2/pipeline_run_metadata/digest_overview	pipeline_run_metadata_readGetDigestOverview	GET
/api2/pipeline_run_metadata/schema	pipeline_run_metadata_describedBy	GET
/api2/query	query_create	POST
/api2/query	query_instances	GET
/api2/query/<int:id>	query_destroy	DELETE
/api2/query/<int:id>	query_self	GET
/api2/query/<int:id>	query_update	PATCH
/api2/query/bar_graph	query_createBarGraph	POST
/api2/query/data_quality	query_createDataQuality	POST
/api2/query/data_quality_table	query_createDataQualityTable	POST
/api2/query/dimension_values	query/dimension_values_create	POST
/api2/query/dimension_values	query/dimension_values_instances	GET
/api2/query/dimension_values/<string:id>	query/dimension_values_destroy	DELETE
/api2/query/dimension_values/<string:id>	query/dimension_values_self	GET
/api2/query/dimension_values/<string:id>	query/dimension_values_update	PATCH
/api2/query/dimension_values/frontend_cache	query/dimension_values_readFrontendCache	GET
/api2/query/dimension_values/schema	query/dimension_values_describedBy	GET
/api2/query/dimension_values/search/<dimension_id>	query/dimension_values_readSearch	GET
/api2/query/field_reporting_stats	query_createFieldReportingStats	POST
/api2/query/granularities	query/granularities_create	POST
/api2/query/granularities	query/granularities_instances	GET
/api2/query/granularities/<string:id>	query/granularities_destroy	DELETE
/api2/query/granularities/<string:id>	query/granularities_self	GET
/api2/query/granularities/<string:id>	query/granularities_update	PATCH
/api2/query/granularities/schema	query/granularities_describedBy	GET
/api2/query/hierarchy	query_createHierarchy	POST
/api2/query/line_graph	query_createLineGraph	POST
/api2/query/map	query_createMap	POST
/api2/query/outliers_box_plot	query_createOutliersBoxPlot	POST
/api2/query/outliers_line_graph	query_createOutliersLineGraph	POST
/api2/query/outliers_table	query_createOutliersTable	POST
/api2/query/reporting_completeness_line_graph	query_createReportingCompletenessLineGraph	POST
/api2/query/schema	query_describedBy	GET
/api2/query/table	query_createTable	POST
/api2/query/table	query_readTableGet	GET
/api2/query/table/disaggregated	query_createDisaggregatedTable	POST
/api2/query/table/disaggregated	query_readDisaggregatedTableGet	GET
/api2/query_policy	query_policy_create	POST
/api2/query_policy	query_policy_instances	GET
/api2/query_policy/<int:id>	query_policy_destroy	DELETE
/api2/query_policy/<int:id>	query_policy_self	GET
/api2/query_policy/<int:id>	query_policy_update	PATCH
/api2/query_policy/<int:id>/resource	query_policy_resource	GET
/api2/query_policy/dimensions	query_policy_getAllDimensions	GET
/api2/query_policy/enabled_dimensions	query_policy_getAuthorizableDimensions	GET
/api2/query_policy/schema	query_policy_describedBy	GET
/api2/resource	resource_create	POST
/api2/resource	resource_instances	GET
/api2/resource-type	resource-type_create	POST
/api2/resource-type	resource-type_instances	GET
/api2/resource-type/<int:id>	resource-type_destroy	DELETE
/api2/resource-type/<int:id>	resource-type_self	GET
/api2/resource-type/<int:id>	resource-type_update	PATCH
/api2/resource-type/schema	resource-type_describedBy	GET
/api2/resource/<int:id>	resource_destroy	DELETE
/api2/resource/<int:id>	resource_self	GET
/api2/resource/<int:id>	resource_update	PATCH
/api2/resource/<int:id>/groups	resource_groups	GET
/api2/resource/<int:id>/resource-type	resource_resource_type	GET
/api2/resource/<int:id>/roles	resource_getRoles	GET
/api2/resource/<int:id>/roles	resource_updateRoles	POST
/api2/resource/<int:id>/users	resource_users	GET
/api2/resource/schema	resource_describedBy	GET
/api2/resource_role	resource_role_create	POST
/api2/resource_role	resource_role_instances	GET
/api2/resource_role/<int:id>	resource_role_destroy	DELETE
/api2/resource_role/<int:id>	resource_role_self	GET
/api2/resource_role/<int:id>	resource_role_update	PATCH
/api2/resource_role/schema	resource_role_describedBy	GET
/api2/role	role_create	POST
/api2/role	role_instances	GET
/api2/role/<int:id>	role_destroy	DELETE
/api2/role/<int:id>	role_self	GET
/api2/role/<int:id>	role_update	PATCH
/api2/role/<int:id>/permission	role_addPermission	POST
/api2/role/<int:id>/permission	role_deletePermission	DELETE
/api2/role/<int:id>/permissions	role_updatePermissions	PATCH
/api2/role/<int:id>/users	role_updateUsers	PATCH
/api2/role/num_users	role_readGetRolesNumUsers	GET
/api2/role/schema	role_describedBy	GET
/api2/schema	schema	GET
/api2/share/email	share_createShareByEmail	POST
/api2/share/schema	share_describedBy	GET
/api2/source_config	source_config_create	POST
/api2/source_config	source_config_instances	GET
/api2/source_config/<int:id>	source_config_destroy	DELETE
/api2/source_config/<int:id>	source_config_self	GET
/api2/source_config/<int:id>	source_config_update	PATCH
/api2/source_config/schema	source_config_describedBy	GET
/api2/source_config/source/<source_id>	source_config_readGetConfigBySource	GET
/api2/storage/retrieve	storage_readRetrieveFromStorage	GET
/api2/storage/schema	storage_describedBy	GET
/api2/user	user_create	POST
/api2/user	user_instances	GET
/api2/user/<int:id>	user_destroy	DELETE
/api2/user/<int:id>	user_self	GET
/api2/user/<int:id>	user_update	PATCH
/api2/user/<int:id>/can_export_data	user_canExport	GET
/api2/user/<int:id>/force	user_forceDestroy	DELETE
/api2/user/<int:id>/generate_api_token	user_generateApiToken	POST
/api2/user/<int:id>/is_user_in_group	user_is_user_in_group	GET
/api2/user/<int:id>/ownership	user_ownership	GET
/api2/user/<int:id>/password	user_updatePassword	POST
/api2/user/<int:id>/reset_password	user_resetPassword	POST
/api2/user/<int:id>/roles	user_addRole	POST
/api2/user/<int:id>/roles	user_deleteRole	DELETE
/api2/user/<int:id>/roles	user_updateRoles	PATCH
/api2/user/invite	user_inviteUser	POST
/api2/user/schema	user_describedBy	GET
/api2/user_acl	user_acl_create	POST
/api2/user_acl	user_acl_instances	GET
/api2/user_acl/<int:id>	user_acl_destroy	DELETE
/api2/user_acl/<int:id>	user_acl_self	GET
/api2/user_acl/<int:id>	user_acl_update	PATCH
/api2/user_acl/schema	user_acl_describedBy	GET
/api2/user_query_session	user_query_session_create	POST
/api2/user_query_session	user_query_session_instances	GET
/api2/user_query_session/<string:id>	user_query_session_destroy	DELETE
/api2/user_query_session/<string:id>	user_query_session_self	GET
/api2/user_query_session/<string:id>	user_query_session_update	PATCH
/api2/user_query_session/<string:id>/by_query_uuid	user_query_session_readByQueryUuid	GET
/api2/user_query_session/generate_link	user_query_session_generateLink	POST
/api2/user_query_session/schema	user_query_session_describedBy	GET
/dashboard/<name>	dashboard.grid_dashboard	GET
/dashboard/<name>/<session_hash>/jpeg	render_page.grid_dashboard_to_image_w_hash	GET
/dashboard/<name>/<session_hash>/pdf	render_page.grid_dashboard_to_pdf_with_hash	GET
/dashboard/<name>/jpeg	render_page.grid_dashboard_to_image	GET
/dashboard/<name>/pdf	render_page.grid_dashboard_to_pdf	GET
/dashboard/<name>/png/thumbnail	render_page.grid_dashboard_to_thumbnail	GET
/data-catalog	data_catalog.data_catalog	GET
/data-catalog/field/<field_id_path>	data_catalog.data_catalog_field	GET
/data-digest	index.data_digest	GET
/data-quality	index.data_quality	GET
/data-status	index.data_status	GET
/data-upload	index.data_upload	GET
/embed/<int:width>x<int:height>/<query_uuid>	embed.embedded_user_query	GET
/embed/<int:width>x<int:height>/dashboard/<name>/<item_id>	embed.embedded_dashboard_query	GET
/indicator-setup	index.indicator_setup	GET
/login	auth.login	GET
/overview	index.overview	GET
/query	index.query	GET
/unauthorized	auth.unauthorized	GET
/uploads/<datestamp>/<path:uploadpath>	index.uploads	GET
/user/forgot-password	auth.forgot_password	GET
/user/reset-password	auth.reset_password	GET
/zen/register	auth.register	GET
