config.druid_base	OK
config.harmony_demo.aggregation	OK
config.harmony_demo.aggregation_rules	OK
config.harmony_demo.calculated_indicator_defs.calculated_indicator_defs	OK
config.harmony_demo.calculated_indicator_defs	OK
config.harmony_demo.calculated_indicators	OK
config.harmony_demo.database	ERR ConnectionError: HTTPConnectionPool(host='druid.invalid', port=8081): Max retries exceeded with url: /druid/coordinator/v1/metadata/datasources (Caused by NewConnectionError('<u
config.harmony_demo.data_status	OK
config.harmony_demo.datatypes	OK
config.harmony_demo.druid	OK
config.harmony_demo.filters	OK
config.harmony_demo.general	OK
config.harmony_demo.indicator_groups	OK
config.harmony_demo.indicator_groups.yellow_fever	OK
config.harmony_demo.indicators	OK
config.harmony_demo	OK
config.harmony_demo.pipeline_sources	OK
config.harmony_demo.ui	OK
config.loader	OK
config.locales	OK
config	OK
config.settings	OK
config.system	OK
config.template.aggregation	OK
config.template.aggregation_rules	OK
config.template.calculated_indicator_defs.calculated_indicator_defs	OK
config.template.calculated_indicator_defs	OK
config.template.calculated_indicators	OK
config.template.database	ERR ConnectionError: HTTPConnectionPool(host='druid.invalid', port=8081): Max retries exceeded with url: /druid/coordinator/v1/metadata/datasources (Caused by NewConnectionError('<u
config.template.data_status	OK
config.template.datatypes	OK
config.template.druid	OK
config.template.filters	OK
config.template.general	OK
config.template.indicator_groups.demo.demo	OK
config.template.indicator_groups.demo	OK
config.template.indicator_groups	OK
config.template.indicators	OK
config.template	OK
config.template.pipeline_sources	OK
config.template.ui	ERR KeyError: 'MAPBOX_ACCESS_TOKEN'
config.utils	OK
data.access	OK
data.alerts.alert	OK
data.alerts.alerts_query	OK
data.alerts	OK
data.alerts.send_alert_notifications	OK
data.aqt_datasources	OK
data.calculated_indicator	OK
data.calculated_indicator.util	OK
data.composite_indicator	OK
data.composite_indicator.util	OK
data.composite_indicator.validation	OK
data.dimension.base_dimension	OK
data.dimension.common.age_range	OK
data.dimension.common.fuzzy_age	OK
data.dimension.common	OK
data.dimension.common.simple	OK
data.dimension	OK
data.feed.seed_updates	OK
data.field	OK
data.field.util	OK
data	OK
data.pipeline.datatypes.base_row_factory	OK
data.pipeline.datatypes.base_row	OK
data.pipeline.datatypes.dimension_cleaner	OK
data.pipeline.datatypes.dimension_collector_io	OK
data.pipeline.datatypes.dimension_collector	OK
data.pipeline.datatypes.dimension_factory	OK
data.pipeline.datatypes.full_dimension_data_collector	OK
data.pipeline.datatypes.generate_metadata	OK
data.pipeline.datatypes.geocoder	OK
data.pipeline.datatypes.location_info_builder	OK
data.pipeline.datatypes	OK
data.pipeline.datatypes.util	OK
data.pipeline.field_setup	OK
data.pipeline.field_setup.util	OK
data.pipeline.gis.canonical_geojson_builder	OK
data.pipeline.gis.geojson_builder	OK
data.pipeline.gis	OK
data.pipeline.gis.pipeline_shapefile_processor	OK
data.pipeline.gis.scripts.build_centroid_from_geojson	OK
data.pipeline.gis.scripts	OK
data.pipeline.gis.scripts.process_shapefiles	OK
data.pipeline.gis.scripts.store_canonical_locations	OK
data.pipeline.gis.shapefile_processor	OK
data.pipeline.io.druid_writer	OK
data.pipeline.io	OK
data.pipeline	OK
data.pipeline.resampler	OK
data.pipeline.restful.async_fetcher	OK
data.pipeline.restful.common	OK
data.pipeline.restful	OK
data.pipeline.restful.writer	OK
data.pipeline.row_merger	OK
data.pipeline.scripts.compare_datasets	ERR ModuleNotFoundError: No module named 'pandas'
data.pipeline.scripts.count_linelist_data	OK
data.pipeline.scripts.data_digest.create_datasource_metadata	OK
data.pipeline.scripts.data_digest.fetch_metadata_from_druid	OK
data.pipeline.scripts.data_digest.populate_pipeline_run_metadata	OK
data.pipeline.scripts.disaggregate_columns	ERR ModuleNotFoundError: No module named 'pandas'
data.pipeline.scripts.fetch_database_tables	OK
data.pipeline.scripts.fill_dimension_data	OK
data.pipeline.scripts.generate_cumulative_data	OK
data.pipeline.scripts.generate_metadata	OK
data.pipeline.scripts.generate_pipeline_sources	OK
data.pipeline.scripts	OK
data.pipeline.scripts.process_csv	OK
data.pipeline.scripts.resample_fields	OK
data.pipeline.scripts.translate_csv	ERR ModuleNotFoundError: No module named 'pandas'
data.pipeline.scripts.unroll	OK
data.pipeline.scripts.xlsx_to_csv	OK
data.pipeline.self_serve	OK
data.pipeline.self_serve.scripts	OK
data.pipeline.self_serve.scripts.process_csv_wrapper	OK
data.pipeline.self_serve.types	OK
data.pipeline.util	OK
data.pydruid_query	OK
data.pydruid_query.pydruid_query	ERR ModuleNotFoundError: No module named 'pandas'
data.query.mock	OK
data.query.models.calculation.average_calculation	OK
data.query.models.calculation.average_over_time_calculation	OK
data.query.models.calculation.calculation	OK
data.query.models.calculation.cohort_calculation.cohort_calculation	OK
data.query.models.calculation.cohort_calculation	OK
data.query.models.calculation.complex_calculation	OK
data.query.models.calculation.count_calculation	OK
data.query.models.calculation.count_distinct_calculation	OK
data.query.models.calculation.formula_calculation	OK
data.query.models.calculation.last_value_calculation	OK
data.query.models.calculation.max_calculation	OK
data.query.models.calculation.min_calculation	OK
data.query.models.calculation	OK
data.query.models.calculation.sum_calculation	OK
data.query.models.calculation.synthetic_calculation	OK
data.query.models.calculation.synthetic_calculation.synthetic_calculation	OK
data.query.models.calculation.synthetic_calculation.window_calculation	OK
data.query.models.category	OK
data.query.models.dataset	OK
data.query.models.dimension	OK
data.query.models.dimension_value	OK
data.query.models.field_metadata	OK
data.query.models.field	OK
data.query.models.filter_items	OK
data.query.models.granularity.granularity_extraction	OK
data.query.models.granularity.granularity	OK
data.query.models.granularity	OK
data.query.models	OK
data.query.models.query_filter.and_filter	OK
data.query.models.query_filter.field_filter	OK
data.query.models.query_filter.field_in_filter	OK
data.query.models.query_filter.in_filter	OK
data.query.models.query_filter.interval_filter	OK
data.query.models.query_filter.not_filter	OK
data.query.models.query_filter	OK
data.query.models.query_filter.or_filter	OK
data.query.models.query_filter.query_filter	OK
data.query.models.query_filter.raw_filter	OK
data.query.models.query_filter.selector_filter	OK
data.query.models.query_selections	ERR ModuleNotFoundError: No module named 'flask_login'
data.query	OK
data.query_policy.check_existing_and_add_new_policies	OK
data.query_policy	OK
data.query_policy.query_policy	OK
data.query.query_models_util	OK
data.test_utils.mock_file	OK
data.test_utils	OK
data.validation.datatypes	OK
data.validation.metrics.base_metric_validator	OK
data.validation.metrics.csv_validator	OK
data.validation.metrics.datatypes	OK
data.validation.metrics	OK
data.validation	OK
data.validation.scripts	OK
data.validation.scripts.validate_pivoted_csv	ERR ConnectionError: HTTPConnectionPool(host='druid.invalid', port=8081): Max retries exceeded with url: /druid/coordinator/v1/metadata/datasources (Caused by NewConnectionError('<u
db.druid.aggregations.exact_unique_count_aggregation	OK
db.druid.aggregations	OK
db.druid.aggregations.query_dependent_aggregation	OK
db.druid.aggregations.query_modifying_aggregation	OK
db.druid.aggregations.time_interval_aggregation	OK
db.druid.calculations.base_calculation	OK
db.druid.calculations.calculation_merger	OK
db.druid.calculations.complex_calculation	OK
db.druid.calculations.count_calculation	OK
db.druid.calculations	OK
db.druid.calculations.simple_calculation	OK
db.druid.calculations.unique_calculations	OK
db.druid.clean_old_datasources	OK
db.druid.config	OK
db.druid.datasource	OK
db.druid.errors	OK
db.druid.indexing.common	OK
db.druid.indexing.minio_task_builder	OK
db.druid.indexing	OK
db.druid.indexing.scripts.fetch_status	OK
db.druid.indexing.scripts	OK
db.druid.indexing.scripts.run_compaction	ERR ModuleNotFoundError: No module named 'pandas'
db.druid.indexing.scripts.run_native_indexing	OK
db.druid.indexing.task_runner_util	OK
db.druid.js_formulas.base_formula	OK
db.druid.js_formulas	OK
db.druid.js_formulas.week_extraction	OK
db.druid.metadata	OK
db.druid	OK
db.druid.post_aggregation_builder	OK
db.druid.post_aggregations	OK
db.druid.post_aggregations.theta_sketch	OK
db.druid.query_builder	OK
db.druid.query_builder_util	OK
db.druid.query_builder_util.optimization.basic_optimizations	OK
db.druid.query_builder_util.optimization.filter_optimizations	OK
db.druid.query_builder_util.optimization	OK
db.druid.query_builder_util.optimization.sketch_optimizations	OK
db.druid.query_client	OK
db.druid.update_db_datasource	OK
db.druid.util	OK
db	OK
db.postgres.common	OK
db.postgres.config	OK
db.postgres.connection	ERR ModuleNotFoundError: No module named 'psycopg2'
db.postgres.cur_datasource	OK
db.postgres	OK
db.postgres.utils	ERR ModuleNotFoundError: No module named 'psycopg2'
db.sqlalchemy	OK
log.config	OK
log.log	OK
log	OK
models.alchemy.alerts.model	OK
models.alchemy.alerts	OK
models.alchemy.api_token.model	OK
models.alchemy.api_token	OK
models.alchemy.base	OK
models.alchemy.case_management.model	OK
models.alchemy.case_management	OK
models.alchemy.configuration.model	OK
models.alchemy.configuration	OK
models.alchemy.dashboard.model	OK
models.alchemy.dashboard	OK
models.alchemy.data_upload.model	OK
models.alchemy.data_upload	OK
models.alchemy.entity_matching.match_status	OK
models.alchemy.entity_matching.model	OK
models.alchemy.entity_matching	OK
models.alchemy.feed.model	OK
models.alchemy.feed	OK
models.alchemy.mixin	OK
models.alchemy	OK
models.alchemy.permission.model	OK
models.alchemy.permission	OK
models.alchemy.pipeline_runs.model	OK
models.alchemy.pipeline_runs	OK
models.alchemy.query.model	OK
models.alchemy.query	OK
models.alchemy.query_policy.model	OK
models.alchemy.query_policy	OK
models.alchemy.schedule.model	OK
models.alchemy.schedule	OK
models.alchemy.security_group.model	OK
models.alchemy.security_group	OK
models.alchemy.user.base_user	OK
models.alchemy.user.model	OK
models.alchemy.user	OK
models.alchemy.user_query_session.model	OK
models.alchemy.user_query_session	OK
models.alchemy.user.web_base_user	OK
models	OK
models.python.base	OK
models.python.config.calendar_settings	OK
models.python.config.datepicker_settings	OK
models.python.config	OK
models.python.config.pipeline_sources_settings	OK
models.python.dashboard.latest.model	OK
models.python.dashboard.latest	OK
models.python.dashboard.latest.visualization_settings.model	OK
models.python.dashboard.latest.visualization_settings	OK
models.python.dashboard.latest.visualization_settings.table_theme	OK
models.python.dashboard.latest.visualization_settings.visualization_specific_model	OK
models.python.dashboard	OK
models.python.dashboard.schema_20210805.model	OK
models.python.dashboard.schema_20210805	OK
models.python.dashboard.schema_20210805.visualization_settings.model	OK
models.python.dashboard.schema_20210805.visualization_settings	OK
models.python.dashboard.schema_20210805.visualization_settings.table_theme	OK
models.python.dashboard.schema_20210805.visualization_settings.visualization_specific_model	OK
models.python.dashboard.schema_20210816.model	OK
models.python.dashboard.schema_20210816	OK
models.python.dashboard.schema_20210816.visualization_settings.model	OK
models.python.dashboard.schema_20210816.visualization_settings	OK
models.python.dashboard.schema_20210816.visualization_settings.table_theme	OK
models.python.dashboard.schema_20210816.visualization_settings.visualization_specific_model	OK
models.python.dashboard.schema_20211014.model	OK
models.python.dashboard.schema_20211014	OK
models.python.dashboard.schema_20211014.visualization_settings.model	OK
models.python.dashboard.schema_20211014.visualization_settings	OK
models.python.dashboard.schema_20211014.visualization_settings.table_theme	OK
models.python.dashboard.schema_20211014.visualization_settings.visualization_specific_model	OK
models.python.dashboard.schema_20211019.model	OK
models.python.dashboard.schema_20211019	OK
models.python.dashboard.schema_20211019.visualization_settings.model	OK
models.python.dashboard.schema_20211019.visualization_settings	OK
models.python.dashboard.schema_20211019.visualization_settings.table_theme	OK
models.python.dashboard.schema_20211019.visualization_settings.visualization_specific_model	OK
models.python.dashboard.schema_20211025.model	OK
models.python.dashboard.schema_20211025	OK
models.python.dashboard.schema_20211025.visualization_settings.model	OK
models.python.dashboard.schema_20211025.visualization_settings	OK
models.python.dashboard.schema_20211025.visualization_settings.table_theme	OK
models.python.dashboard.schema_20211025.visualization_settings.visualization_specific_model	OK
models.python.dashboard.schema_20220808.model	OK
models.python.dashboard.schema_20220808	OK
models.python.dashboard.schema_20220808.visualization_settings.model	OK
models.python.dashboard.schema_20220808.visualization_settings	OK
models.python.dashboard.schema_20220808.visualization_settings.table_theme	OK
models.python.dashboard.schema_20220808.visualization_settings.visualization_specific_model	OK
models.python.dashboard.schema_20220909.model	OK
models.python.dashboard.schema_20220909	OK
models.python.dashboard.schema_20220909.visualization_settings.model	OK
models.python.dashboard.schema_20220909.visualization_settings	OK
models.python.dashboard.schema_20220909.visualization_settings.table_theme	OK
models.python.dashboard.schema_20220909.visualization_settings.visualization_specific_model	OK
models.python.dashboard.schema_20221003.model	OK
models.python.dashboard.schema_20221003	OK
models.python.dashboard.schema_20221003.visualization_settings.model	OK
models.python.dashboard.schema_20221003.visualization_settings	OK
models.python.dashboard.schema_20221003.visualization_settings.table_theme	OK
models.python.dashboard.schema_20221003.visualization_settings.visualization_specific_model	OK
models.python.dashboard.schema_20230117.model	OK
models.python.dashboard.schema_20230117	OK
models.python.dashboard.schema_20230117.visualization_settings.model	OK
models.python.dashboard.schema_20230117.visualization_settings	OK
models.python.dashboard.schema_20230117.visualization_settings.table_theme	OK
models.python.dashboard.schema_20230117.visualization_settings.visualization_specific_model	OK
models.python.dashboard.schema_20230329.model	OK
models.python.dashboard.schema_20230329	OK
models.python.dashboard.schema_20230329.visualization_settings.model	OK
models.python.dashboard.schema_20230329.visualization_settings	OK
models.python.dashboard.schema_20230329.visualization_settings.table_theme	OK
models.python.dashboard.schema_20230329.visualization_settings.visualization_specific_model	OK
models.python.dashboard.version	OK
models.python	OK
models.python.permissions	OK
pipeline.harmony_demo.bin	OK
pipeline	OK
pipeline.template.bin	OK
pipeline.template.bin.scratch	OK
util.analysis.filtering.filter_util	ERR ModuleNotFoundError: No module named 'pandas'
util.analysis.filtering	OK
util.analysis	OK
util.aws	OK
util.aws.status	OK
util.connections.connection_manager	OK
util.connections	OK
util.credentials.generate	OK
util.credentials.provider	OK
util.currency.converter	OK
util.currency	OK
util.dataprep.api	OK
util.dataprep	OK
util.dataprep.utils	ERR ModuleNotFoundError: No module named 'pandas'
util.druid	OK
util.ethiopian_calendar.converter	OK
util.ethiopian_calendar.ethiopian_calendar	OK
util.ethiopian_calendar.formatter	OK
util.ethiopian_calendar.moh_calendar	OK
util.ethiopian_calendar	OK
util.file.ambiguous_file	OK
util.file.compression.common	OK
util.file.compression.lz4	OK
util.file.compression	OK
util.file.compression.pigz	OK
util.file.delimited_reader	OK
util.file.directory_util	OK
util.file.file_config	OK
util.file	OK
util.file.shard	OK
util.file.stdin_reader	OK
util.file.unicode_csv	OK
util.fiscal_calendar	OK
util.flask	OK
util.init.datatypes	OK
util.init	OK
util.javarandom	OK
util.local_script_wrapper	OK
util.offline_mode	OK
util	OK
util.pipeline.database_dump	OK
util.pipeline	OK
util.pipeline.tools	OK
util.pipeline.tools.pview	OK
util.pipeline.tools.pview.pipeline_files	OK
util.push_id	OK
util.randomized_data	OK
util.related	OK
util.related.polymorphic_model	OK
util.stat_month_calendar	OK
util.thread	OK
util.thread.task_list	OK
util.unix	OK
